t(s),h(m),v(m/s),Vw(m3)
0.0000,0.0000,0.0000,0.000500
0.0003,0.0000,0.0141,0.000500
0.0005,0.0000,0.0283,0.000499
0.0008,0.0000,0.0424,0.000499
0.0010,0.0000,0.0565,0.000498
0.0013,0.0000,0.0706,0.000498
0.0015,0.0001,0.0847,0.000497
0.0018,0.0001,0.0988,0.000497
0.0020,0.0001,0.1129,0.000496
0.0023,0.0001,0.1270,0.000496
0.0025,0.0002,0.1411,0.000495
0.0028,0.0002,0.1551,0.000495
0.0030,0.0003,0.1692,0.000494
0.0033,0.0003,0.1832,0.000494
0.0035,0.0004,0.1973,0.000493
0.0038,0.0004,0.2113,0.000493
0.0040,0.0005,0.2254,0.000492
0.0043,0.0005,0.2394,0.000492
0.0046,0.0006,0.2534,0.000491
0.0048,0.0006,0.2675,0.000491
0.0051,0.0007,0.2815,0.000490
0.0053,0.0008,0.2955,0.000490
0.0056,0.0009,0.3095,0.000489
0.0058,0.0009,0.3235,0.000489
0.0061,0.0010,0.3375,0.000488
0.0064,0.0011,0.3515,0.000488
0.0066,0.0012,0.3655,0.000487
0.0069,0.0013,0.3794,0.000487
0.0071,0.0014,0.3934,0.000486
0.0074,0.0015,0.4074,0.000486
0.0076,0.0016,0.4213,0.000485
0.0079,0.0017,0.4353,0.000485
0.0082,0.0018,0.4492,0.000484
0.0084,0.0020,0.4632,0.000484
0.0087,0.0021,0.4771,0.000483
0.0089,0.0022,0.4910,0.000483
0.0092,0.0023,0.5049,0.000482
0.0095,0.0025,0.5189,0.000482
0.0097,0.0026,0.5328,0.000481
0.0100,0.0028,0.5467,0.000481
0.0102,0.0029,0.5606,0.000480
0.0105,0.0030,0.5745,0.000480
0.0108,0.0032,0.5883,0.000479
0.0110,0.0034,0.6022,0.000479
0.0113,0.0035,0.6161,0.000478
0.0116,0.0037,0.6300,0.000478
0.0118,0.0038,0.6438,0.000477
0.0121,0.0040,0.6577,0.000477
0.0123,0.0042,0.6715,0.000476
0.0126,0.0044,0.6854,0.000476
0.0129,0.0046,0.6992,0.000475
0.0131,0.0047,0.7131,0.000475
0.0134,0.0049,0.7269,0.000474
0.0137,0.0051,0.7407,0.000474
0.0139,0.0053,0.7546,0.000473
0.0142,0.0055,0.7684,0.000473
0.0145,0.0057,0.7822,0.000472
0.0147,0.0059,0.7960,0.000472
0.0150,0.0062,0.8098,0.000471
0.0153,0.0064,0.8236,0.000471
0.0155,0.0066,0.8374,0.000470
0.0158,0.0068,0.8511,0.000470
0.0161,0.0071,0.8649,0.000469
0.0163,0.0073,0.8787,0.000469
0.0166,0.0075,0.8924,0.000468
0.0169,0.0078,0.9062,0.000468
0.0171,0.0080,0.9200,0.000467
0.0174,0.0083,0.9337,0.000467
0.0177,0.0085,0.9475,0.000466
0.0179,0.0088,0.9612,0.000466
0.0182,0.0090,0.9749,0.000465
0.0185,0.0093,0.9887,0.000465
0.0188,0.0096,1.0024,0.000464
0.0190,0.0098,1.0161,0.000464
0.0193,0.0101,1.0298,0.000463
0.0196,0.0104,1.0435,0.000463
0.0198,0.0107,1.0572,0.000462
0.0201,0.0110,1.0709,0.000462
0.0204,0.0113,1.0846,0.000461
0.0206,0.0116,1.0983,0.000461
0.0209,0.0119,1.1120,0.000460
0.0212,0.0122,1.1256,0.000460
0.0215,0.0125,1.1393,0.000459
0.0217,0.0128,1.1530,0.000459
0.0220,0.0131,1.1666,0.000458
0.0223,0.0134,1.1803,0.000458
0.0226,0.0138,1.1939,0.000457
0.0228,0.0141,1.2076,0.000457
0.0231,0.0144,1.2212,0.000456
0.0234,0.0148,1.2349,0.000456
0.0237,0.0151,1.2485,0.000455
0.0239,0.0154,1.2621,0.000455
0.0242,0.0158,1.2757,0.000454
0.0245,0.0161,1.2894,0.000454
0.0248,0.0165,1.3030,0.000453
0.0250,0.0169,1.3166,0.000453
0.0253,0.0172,1.3302,0.000452
0.0256,0.0176,1.3438,0.000452
0.0259,0.0180,1.3574,0.000451
0.0262,0.0184,1.3709,0.000451
0.0264,0.0187,1.3845,0.000450
0.0267,0.0191,1.3981,0.000450
0.0270,0.0195,1.4117,0.000449
0.0273,0.0199,1.4252,0.000449
0.0275,0.0203,1.4388,0.000448
0.0278,0.0207,1.4523,0.000448
0.0281,0.0211,1.4659,0.000447
0.0284,0.0215,1.4794,0.000447
0.0287,0.0220,1.4930,0.000446
0.0289,0.0224,1.5065,0.000446
0.0292,0.0228,1.5201,0.000445
0.0295,0.0232,1.5336,0.000445
0.0298,0.0237,1.5471,0.000444
0.0301,0.0241,1.5606,0.000444
0.0304,0.0245,1.5741,0.000443
0.0306,0.0250,1.5876,0.000443
0.0309,0.0254,1.6011,0.000442
0.0312,0.0259,1.6146,0.000442
0.0315,0.0264,1.6281,0.000441
0.0318,0.0268,1.6416,0.000441
0.0321,0.0273,1.6551,0.000440
0.0323,0.0278,1.6686,0.000440
0.0326,0.0282,1.6821,0.000439
0.0329,0.0287,1.6955,0.000439
0.0332,0.0292,1.7090,0.000438
0.0335,0.0297,1.7225,0.000438
0.0338,0.0302,1.7359,0.000437
0.0341,0.0307,1.7494,0.000437
0.0343,0.0312,1.7628,0.000436
0.0346,0.0317,1.7763,0.000436
0.0349,0.0322,1.7897,0.000435
0.0352,0.0327,1.8031,0.000435
0.0355,0.0332,1.8166,0.000434
0.0358,0.0338,1.8300,0.000434
0.0361,0.0343,1.8434,0.000433
0.0364,0.0348,1.8568,0.000433
0.0366,0.0354,1.8702,0.000432
0.0369,0.0359,1.8836,0.000432
0.0372,0.0365,1.8970,0.000431
0.0375,0.0370,1.9104,0.000431
0.0378,0.0376,1.9238,0.000430
0.0381,0.0381,1.9372,0.000430
0.0384,0.0387,1.9506,0.000429
0.0387,0.0393,1.9640,0.000429
0.0390,0.0398,1.9774,0.000428
0.0393,0.0404,1.9907,0.000428
0.0395,0.0410,2.0041,0.000427
0.0398,0.0416,2.0175,0.000427
0.0401,0.0422,2.0308,0.000426
0.0404,0.0428,2.0442,0.000426
0.0407,0.0434,2.0575,0.000425
0.0410,0.0440,2.0709,0.000425
0.0413,0.0446,2.0842,0.000424
0.0416,0.0452,2.0976,0.000424
0.0419,0.0458,2.1109,0.000423
0.0422,0.0464,2.1242,0.000423
0.0425,0.0471,2.1376,0.000422
0.0428,0.0477,2.1509,0.000422
0.0431,0.0483,2.1642,0.000421
0.0434,0.0490,2.1775,0.000421
0.0437,0.0496,2.1908,0.000420
0.0440,0.0503,2.2041,0.000420
0.0443,0.0509,2.2174,0.000419
0.0445,0.0516,2.2307,0.000419
0.0448,0.0523,2.2440,0.000418
0.0451,0.0529,2.2573,0.000418
0.0454,0.0536,2.2706,0.000417
0.0457,0.0543,2.2839,0.000417
0.0460,0.0550,2.2971,0.000416
0.0463,0.0557,2.3104,0.000416
0.0466,0.0563,2.3237,0.000415
0.0469,0.0570,2.3369,0.000415
0.0472,0.0577,2.3502,0.000414
0.0475,0.0585,2.3634,0.000414
0.0478,0.0592,2.3767,0.000413
0.0481,0.0599,2.3899,0.000413
0.0484,0.0606,2.4032,0.000412
0.0487,0.0613,2.4164,0.000412
0.0490,0.0621,2.4297,0.000411
0.0493,0.0628,2.4429,0.000411
0.0496,0.0635,2.4561,0.000410
0.0499,0.0643,2.4693,0.000410
0.0502,0.0650,2.4826,0.000409
0.0506,0.0658,2.4958,0.000409
0.0509,0.0665,2.5090,0.000408
0.0512,0.0673,2.5222,0.000408
0.0515,0.0681,2.5354,0.000407
0.0518,0.0689,2.5486,0.000407
0.0521,0.0696,2.5618,0.000406
0.0524,0.0704,2.5750,0.000406
0.0527,0.0712,2.5882,0.000405
0.0530,0.0720,2.6014,0.000405
0.0533,0.0728,2.6145,0.000404
0.0536,0.0736,2.6277,0.000404
0.0539,0.0744,2.6409,0.000403
0.0542,0.0752,2.6541,0.000403
0.0545,0.0760,2.6672,0.000402
0.0548,0.0769,2.6804,0.000402
0.0551,0.0777,2.6936,0.000401
0.0554,0.0785,2.7067,0.000401
0.0558,0.0793,2.7199,0.000400
0.0561,0.0802,2.7330,0.000400
0.0564,0.0810,2.7462,0.000399
0.0567,0.0819,2.7593,0.000399
0.0570,0.0827,2.7724,0.000398
0.0573,0.0836,2.7856,0.000398
0.0576,0.0845,2.7987,0.000397
0.0579,0.0853,2.8118,0.000397
0.0582,0.0862,2.8249,0.000396
0.0585,0.0871,2.8381,0.000396
0.0589,0.0880,2.8512,0.000395
0.0592,0.0889,2.8643,0.000395
0.0595,0.0898,2.8774,0.000394
0.0598,0.0907,2.8905,0.000394
0.0601,0.0916,2.9036,0.000393
0.0604,0.0925,2.9167,0.000393
0.0607,0.0934,2.9298,0.000392
0.0610,0.0943,2.9429,0.000392
0.0614,0.0953,2.9560,0.000391
0.0617,0.0962,2.9691,0.000391
0.0620,0.0971,2.9821,0.000390
0.0623,0.0981,2.9952,0.000390
0.0626,0.0990,3.0083,0.000389
0.0629,0.1000,3.0214,0.000389
0.0632,0.1009,3.0344,0.000388
0.0636,0.1019,3.0475,0.000388
0.0639,0.1029,3.0605,0.000387
0.0642,0.1038,3.0736,0.000387
0.0645,0.1048,3.0867,0.000386
0.0648,0.1058,3.0997,0.000386
0.0652,0.1068,3.1128,0.000385
0.0655,0.1078,3.1258,0.000385
0.0658,0.1088,3.1388,0.000384
0.0661,0.1098,3.1519,0.000384
0.0664,0.1108,3.1649,0.000383
0.0667,0.1118,3.1779,0.000383
0.0671,0.1128,3.1910,0.000382
0.0674,0.1138,3.2040,0.000382
0.0677,0.1149,3.2170,0.000381
0.0680,0.1159,3.2300,0.000381
0.0684,0.1170,3.2430,0.000380
0.0687,0.1180,3.2560,0.000380
0.0690,0.1191,3.2691,0.000379
0.0693,0.1201,3.2821,0.000379
0.0696,0.1212,3.2951,0.000378
0.0700,0.1222,3.3081,0.000378
0.0703,0.1233,3.3211,0.000377
0.0706,0.1244,3.3340,0.000377
0.0709,0.1255,3.3470,0.000376
0.0713,0.1266,3.3600,0.000376
0.0716,0.1276,3.3730,0.000375
0.0719,0.1287,3.3860,0.000375
0.0722,0.1299,3.3990,0.000374
0.0726,0.1310,3.4119,0.000374
0.0729,0.1321,3.4249,0.000373
0.0732,0.1332,3.4379,0.000373
0.0735,0.1343,3.4508,0.000372
0.0739,0.1355,3.4638,0.000372
0.0742,0.1366,3.4767,0.000371
0.0745,0.1377,3.4897,0.000371
0.0749,0.1389,3.5026,0.000370
0.0752,0.1400,3.5156,0.000370
0.0755,0.1412,3.5285,0.000369
0.0758,0.1424,3.5415,0.000369
0.0762,0.1435,3.5544,0.000368
0.0765,0.1447,3.5674,0.000368
0.0768,0.1459,3.5803,0.000367
0.0772,0.1471,3.5932,0.000367
0.0775,0.1483,3.6062,0.000366
0.0778,0.1495,3.6191,0.000366
0.0782,0.1507,3.6320,0.000365
0.0785,0.1519,3.6449,0.000365
0.0788,0.1531,3.6578,0.000364
0.0792,0.1543,3.6707,0.000364
0.0795,0.1555,3.6837,0.000363
0.0798,0.1568,3.6966,0.000363
0.0802,0.1580,3.7095,0.000362
0.0805,0.1592,3.7224,0.000362
0.0808,0.1605,3.7353,0.000361
0.0812,0.1617,3.7482,0.000361
0.0815,0.1630,3.7611,0.000360
0.0818,0.1643,3.7740,0.000360
0.0822,0.1655,3.7868,0.000359
0.0825,0.1668,3.7997,0.000359
0.0828,0.1681,3.8126,0.000358
0.0832,0.1694,3.8255,0.000358
0.0835,0.1707,3.8384,0.000357
0.0838,0.1720,3.8512,0.000357
0.0842,0.1733,3.8641,0.000356
0.0845,0.1746,3.8770,0.000356
0.0849,0.1759,3.8899,0.000355
0.0852,0.1772,3.9027,0.000355
0.0855,0.1785,3.9156,0.000354
0.0859,0.1799,3.9284,0.000354
0.0862,0.1812,3.9413,0.000353
0.0866,0.1825,3.9541,0.000353
0.0869,0.1839,3.9670,0.000352
0.0872,0.1853,3.9798,0.000352
0.0876,0.1866,3.9927,0.000351
0.0879,0.1880,4.0055,0.000351
0.0883,0.1894,4.0184,0.000350
0.0886,0.1907,4.0312,0.000350
0.0890,0.1921,4.0440,0.000349
0.0893,0.1935,4.0569,0.000349
0.0896,0.1949,4.0697,0.000348
0.0900,0.1963,4.0825,0.000348
0.0903,0.1977,4.0954,0.000347
0.0907,0.1991,4.1082,0.000347
0.0910,0.2006,4.1210,0.000346
0.0914,0.2020,4.1338,0.000346
0.0917,0.2034,4.1466,0.000345
0.0921,0.2048,4.1595,0.000345
0.0924,0.2063,4.1723,0.000344
0.0928,0.2077,4.1851,0.000344
0.0931,0.2092,4.1979,0.000343
0.0934,0.2107,4.2107,0.000343
0.0938,0.2121,4.2235,0.000342
0.0941,0.2136,4.2363,0.000342
0.0945,0.2151,4.2491,0.000341
0.0948,0.2166,4.2619,0.000341
0.0952,0.2181,4.2747,0.000340
0.0955,0.2196,4.2875,0.000340
0.0959,0.2211,4.3002,0.000339
0.0962,0.2226,4.3130,0.000339
0.0966,0.2241,4.3258,0.000338
0.0969,0.2256,4.3386,0.000338
0.0973,0.2271,4.3514,0.000337
0.0976,0.2287,4.3642,0.000337
0.0980,0.2302,4.3769,0.000336
0.0984,0.2318,4.3897,0.000336
0.0987,0.2333,4.4025,0.000335
0.0991,0.2349,4.4152,0.000335
0.0994,0.2364,4.4280,0.000334
0.0998,0.2380,4.4408,0.000334
0.1001,0.2396,4.4535,0.000333
0.1005,0.2412,4.4663,0.000333
0.1008,0.2428,4.4790,0.000332
0.1012,0.2444,4.4918,0.000332
0.1015,0.2460,4.5045,0.000331
0.1019,0.2476,4.5173,0.000331
0.1023,0.2492,4.5300,0.000330
0.1026,0.2508,4.5428,0.000330
0.1030,0.2524,4.5555,0.000329
0.1033,0.2541,4.5683,0.000329
0.1037,0.2557,4.5810,0.000328
0.1040,0.2574,4.5938,0.000328
0.1044,0.2590,4.6065,0.000327
0.1048,0.2607,4.6192,0.000327
0.1051,0.2623,4.6320,0.000326
0.1055,0.2640,4.6447,0.000326
0.1058,0.2657,4.6574,0.000325
0.1062,0.2674,4.6701,0.000325
0.1066,0.2691,4.6829,0.000324
0.1069,0.2708,4.6956,0.000324
0.1073,0.2725,4.7083,0.000323
0.1077,0.2742,4.7210,0.000323
0.1080,0.2759,4.7337,0.000322
0.1084,0.2776,4.7464,0.000322
0.1088,0.2793,4.7592,0.000321
0.1091,0.2811,4.7719,0.000321
0.1095,0.2828,4.7846,0.000320
0.1098,0.2846,4.7973,0.000320
0.1102,0.2863,4.8100,0.000319
0.1106,0.2881,4.8227,0.000319
0.1109,0.2899,4.8354,0.000318
0.1113,0.2916,4.8481,0.000318
0.1117,0.2934,4.8608,0.000317
0.1120,0.2952,4.8735,0.000317
0.1124,0.2970,4.8862,0.000316
0.1128,0.2988,4.8989,0.000316
0.1131,0.3006,4.9116,0.000315
0.1135,0.3024,4.9242,0.000315
0.1139,0.3042,4.9369,0.000314
0.1143,0.3061,4.9496,0.000314
0.1146,0.3079,4.9623,0.000313
0.1150,0.3097,4.9750,0.000313
0.1154,0.3116,4.9877,0.000312
0.1157,0.3134,5.0003,0.000312
0.1161,0.3153,5.0130,0.000311
0.1165,0.3172,5.0257,0.000311
0.1169,0.3191,5.0384,0.000310
0.1172,0.3209,5.0510,0.000310
0.1176,0.3228,5.0637,0.000309
0.1180,0.3247,5.0764,0.000309
0.1184,0.3266,5.0890,0.000308
0.1187,0.3285,5.1017,0.000308
0.1191,0.3304,5.1144,0.000307
0.1195,0.3324,5.1270,0.000307
0.1199,0.3343,5.1397,0.000306
0.1202,0.3362,5.1524,0.000306
0.1206,0.3382,5.1650,0.000305
0.1210,0.3401,5.1777,0.000305
0.1214,0.3421,5.1903,0.000304
0.1217,0.3440,5.2030,0.000304
0.1221,0.3460,5.2156,0.000303
0.1225,0.3480,5.2283,0.000303
0.1229,0.3500,5.2409,0.000302
0.1233,0.3520,5.2536,0.000302
0.1236,0.3540,5.2662,0.000301
0.1240,0.3560,5.2789,0.000301
0.1244,0.3580,5.2915,0.000300
0.1248,0.3600,5.3042,0.000300
0.1252,0.3620,5.3168,0.000299
0.1255,0.3641,5.3294,0.000299
0.1259,0.3661,5.3421,0.000298
0.1263,0.3682,5.3547,0.000298
0.1267,0.3702,5.3673,0.000297
0.1271,0.3723,5.3800,0.000297
0.1275,0.3743,5.3926,0.000296
0.1278,0.3764,5.4052,0.000296
0.1282,0.3785,5.4179,0.000295
0.1286,0.3806,5.4305,0.000295
0.1290,0.3827,5.4431,0.000294
0.1294,0.3848,5.4557,0.000294
0.1298,0.3869,5.4684,0.000293
0.1302,0.3890,5.4810,0.000293
0.1305,0.3912,5.4936,0.000292
0.1309,0.3933,5.5062,0.000292
0.1313,0.3954,5.5189,0.000291
0.1317,0.3976,5.5315,0.000291
0.1321,0.3997,5.5441,0.000290
0.1325,0.4019,5.5567,0.000290
0.1329,0.4041,5.5693,0.000289
0.1333,0.4062,5.5819,0.000289
0.1337,0.4084,5.5945,0.000288
0.1341,0.4106,5.6072,0.000288
0.1344,0.4128,5.6198,0.000287
0.1348,0.4150,5.6324,0.000287
0.1352,0.4172,5.6450,0.000286
0.1356,0.4195,5.6576,0.000286
0.1360,0.4217,5.6702,0.000285
0.1364,0.4239,5.6828,0.000285
0.1368,0.4262,5.6954,0.000284
0.1372,0.4284,5.7080,0.000284
0.1376,0.4307,5.7206,0.000283
0.1380,0.4329,5.7332,0.000283
0.1384,0.4352,5.7458,0.000282
0.1388,0.4375,5.7584,0.000282
0.1392,0.4398,5.7710,0.000281
0.1396,0.4421,5.7836,0.000281
0.1400,0.4444,5.7962,0.000280
0.1404,0.4467,5.8088,0.000280
0.1408,0.4490,5.8214,0.000279
0.1412,0.4513,5.8340,0.000279
0.1416,0.4537,5.8466,0.000278
0.1420,0.4560,5.8592,0.000278
0.1424,0.4584,5.8718,0.000277
0.1428,0.4607,5.8844,0.000277
0.1432,0.4631,5.8969,0.000276
0.1436,0.4655,5.9095,0.000276
0.1440,0.4678,5.9221,0.000275
0.1444,0.4702,5.9347,0.000275
0.1448,0.4726,5.9473,0.000274
0.1452,0.4750,5.9599,0.000274
0.1456,0.4774,5.9725,0.000273
0.1460,0.4799,5.9850,0.000273
0.1464,0.4823,5.9976,0.000272
0.1468,0.4847,6.0102,0.000272
0.1472,0.4872,6.0228,0.000271
0.1476,0.4896,6.0354,0.000271
0.1480,0.4921,6.0479,0.000270
0.1484,0.4945,6.0605,0.000270
0.1488,0.4970,6.0731,0.000269
0.1492,0.4995,6.0857,0.000269
0.1497,0.5020,6.0983,0.000268
0.1501,0.5045,6.1108,0.000268
0.1505,0.5070,6.1234,0.000267
0.1509,0.5095,6.1360,0.000267
0.1513,0.5120,6.1486,0.000266
0.1517,0.5146,6.1611,0.000266
0.1521,0.5171,6.1737,0.000265
0.1525,0.5196,6.1863,0.000265
0.1529,0.5222,6.1989,0.000264
0.1534,0.5248,6.2114,0.000264
0.1538,0.5273,6.2240,0.000263
0.1542,0.5299,6.2366,0.000263
0.1546,0.5325,6.2491,0.000262
0.1550,0.5351,6.2617,0.000262
0.1554,0.5377,6.2743,0.000261
0.1558,0.5403,6.2869,0.000261
0.1563,0.5429,6.2994,0.000260
0.1567,0.5455,6.3120,0.000260
0.1571,0.5482,6.3246,0.000259
0.1575,0.5508,6.3371,0.000259
0.1579,0.5535,6.3497,0.000258
0.1583,0.5561,6.3623,0.000258
0.1588,0.5588,6.3748,0.000257
0.1592,0.5615,6.3874,0.000257
0.1596,0.5642,6.4000,0.000256
0.1600,0.5669,6.4125,0.000256
0.1604,0.5696,6.4251,0.000255
0.1609,0.5723,6.4377,0.000255
0.1613,0.5750,6.4502,0.000254
0.1617,0.5777,6.4628,0.000254
0.1621,0.5805,6.4753,0.000253
0.1626,0.5832,6.4879,0.000253
0.1630,0.5860,6.5005,0.000252
0.1634,0.5887,6.5130,0.000252
0.1638,0.5915,6.5256,0.000251
0.1643,0.5943,6.5382,0.000251
0.1647,0.5971,6.5507,0.000250
0.1651,0.5998,6.5633,0.000250
0.1655,0.6027,6.5758,0.000249
0.1660,0.6055,6.5884,0.000249
0.1664,0.6083,6.6010,0.000248
0.1668,0.6111,6.6135,0.000248
0.1673,0.6140,6.6261,0.000247
0.1677,0.6168,6.6387,0.000247
0.1681,0.6197,6.6512,0.000246
0.1685,0.6225,6.6638,0.000246
0.1690,0.6254,6.6763,0.000245
0.1694,0.6283,6.6889,0.000245
0.1698,0.6312,6.7015,0.000244
0.1703,0.6341,6.7140,0.000244
0.1707,0.6370,6.7266,0.000243
0.1711,0.6399,6.7391,0.000243
0.1716,0.6428,6.7517,0.000242
0.1720,0.6458,6.7643,0.000242
0.1724,0.6487,6.7768,0.000241
0.1729,0.6517,6.7894,0.000241
0.1733,0.6546,6.8020,0.000240
0.1737,0.6576,6.8145,0.000240
0.1742,0.6606,6.8271,0.000239
0.1746,0.6636,6.8396,0.000239
0.1751,0.6666,6.8522,0.000238
0.1755,0.6696,6.8648,0.000238
0.1759,0.6726,6.8773,0.000237
0.1764,0.6756,6.8899,0.000237
0.1768,0.6786,6.9025,0.000236
0.1773,0.6817,6.9150,0.000236
0.1777,0.6847,6.9276,0.000235
0.1781,0.6878,6.9401,0.000235
0.1786,0.6909,6.9527,0.000234
0.1790,0.6939,6.9653,0.000234
0.1795,0.6970,6.9778,0.000233
0.1799,0.7001,6.9904,0.000233
0.1803,0.7032,7.0030,0.000232
0.1808,0.7064,7.0155,0.000232
0.1812,0.7095,7.0281,0.000231
0.1817,0.7126,7.0407,0.000231
0.1821,0.7158,7.0532,0.000230
0.1826,0.7189,7.0658,0.000230
0.1830,0.7221,7.0784,0.000229
0.1835,0.7252,7.0909,0.000229
0.1839,0.7284,7.1035,0.000228
0.1844,0.7316,7.1161,0.000228
0.1848,0.7348,7.1286,0.000227
0.1853,0.7380,7.1412,0.000227
0.1857,0.7413,7.1538,0.000226
0.1862,0.7445,7.1664,0.000226
0.1866,0.7477,7.1789,0.000225
0.1871,0.7510,7.1915,0.000225
0.1875,0.7542,7.2041,0.000224
0.1880,0.7575,7.2166,0.000224
0.1884,0.7608,7.2292,0.000223
0.1889,0.7641,7.2418,0.000223
0.1893,0.7674,7.2544,0.000222
0.1898,0.7707,7.2669,0.000222
0.1903,0.7740,7.2795,0.000221
0.1907,0.7773,7.2921,0.000221
0.1912,0.7806,7.3047,0.000220
0.1916,0.7840,7.3172,0.000220
0.1921,0.7873,7.3298,0.000219
0.1925,0.7907,7.3424,0.000219
0.1930,0.7941,7.3550,0.000218
0.1935,0.7975,7.3676,0.000218
0.1939,0.8009,7.3801,0.000217
0.1944,0.8043,7.3927,0.000217
0.1948,0.8077,7.4053,0.000216
0.1953,0.8111,7.4179,0.000216
0.1958,0.8145,7.4305,0.000215
0.1962,0.8180,7.4431,0.000215
0.1967,0.8214,7.4556,0.000214
0.1972,0.8249,7.4682,0.000214
0.1976,0.8284,7.4808,0.000213
0.1981,0.8319,7.4934,0.000213
0.1986,0.8354,7.5060,0.000212
0.1990,0.8389,7.5186,0.000212
0.1995,0.8424,7.5312,0.000211
0.2000,0.8459,7.5438,0.000211
0.2004,0.8494,7.5564,0.000210
0.2009,0.8530,7.5689,0.000210
0.2014,0.8566,7.5815,0.000209
0.2018,0.8601,7.5941,0.000209
0.2023,0.8637,7.6067,0.000208
0.2028,0.8673,7.6193,0.000208
0.2033,0.8709,7.6319,0.000207
0.2037,0.8745,7.6445,0.000207
0.2042,0.8781,7.6571,0.000206
0.2047,0.8817,7.6697,0.000206
0.2051,0.8854,7.6823,0.000205
0.2056,0.8890,7.6949,0.000205
0.2061,0.8927,7.7076,0.000204
0.2066,0.8964,7.7202,0.000204
0.2070,0.9000,7.7328,0.000203
0.2075,0.9037,7.7454,0.000203
0.2080,0.9074,7.7580,0.000202
0.2085,0.9112,7.7706,0.000202
0.2090,0.9149,7.7832,0.000201
0.2094,0.9186,7.7958,0.000201
0.2099,0.9224,7.8084,0.000200
0.2104,0.9261,7.8211,0.000200
0.2109,0.9299,7.8337,0.000199
0.2114,0.9337,7.8463,0.000199
0.2118,0.9375,7.8589,0.000198
0.2123,0.9413,7.8715,0.000198
0.2128,0.9451,7.8842,0.000197
0.2133,0.9489,7.8968,0.000197
0.2138,0.9527,7.9094,0.000196
0.2143,0.9566,7.9220,0.000196
0.2148,0.9604,7.9347,0.000195
0.2152,0.9643,7.9473,0.000195
0.2157,0.9682,7.9599,0.000194
0.2162,0.9721,7.9726,0.000194
0.2167,0.9759,7.9852,0.000193
0.2172,0.9799,7.9978,0.000193
0.2177,0.9838,8.0105,0.000192
0.2182,0.9877,8.0231,0.000192
0.2187,0.9917,8.0358,0.000191
0.2192,0.9956,8.0484,0.000191
0.2197,0.9996,8.0610,0.000190
0.2201,1.0036,8.0737,0.000190
0.2206,1.0075,8.0863,0.000189
0.2211,1.0116,8.0990,0.000189
0.2216,1.0156,8.1116,0.000188
0.2221,1.0196,8.1243,0.000188
0.2226,1.0236,8.1369,0.000187
0.2231,1.0277,8.1496,0.000187
0.2236,1.0317,8.1623,0.000186
0.2241,1.0358,8.1749,0.000186
0.2246,1.0399,8.1876,0.000185
0.2251,1.0440,8.2002,0.000185
0.2256,1.0481,8.2129,0.000184
0.2261,1.0522,8.2256,0.000184
0.2266,1.0563,8.2382,0.000183
0.2271,1.0605,8.2509,0.000183
0.2276,1.0646,8.2636,0.000182
0.2281,1.0688,8.2763,0.000182
0.2286,1.0729,8.2889,0.000181
0.2291,1.0771,8.3016,0.000181
0.2296,1.0813,8.3143,0.000180
0.2301,1.0855,8.3270,0.000180
0.2306,1.0898,8.3397,0.000179
0.2312,1.0940,8.3523,0.000179
0.2317,1.0983,8.3650,0.000178
0.2322,1.1025,8.3777,0.000178
0.2327,1.1068,8.3904,0.000177
0.2332,1.1111,8.4031,0.000177
0.2337,1.1154,8.4158,0.000176
0.2342,1.1197,8.4285,0.000176
0.2347,1.1240,8.4412,0.000175
0.2352,1.1283,8.4539,0.000175
0.2358,1.1327,8.4666,0.000174
0.2363,1.1370,8.4793,0.000174
0.2368,1.1414,8.4920,0.000173
0.2373,1.1458,8.5047,0.000173
0.2378,1.1502,8.5175,0.000172
0.2383,1.1546,8.5302,0.000172
0.2388,1.1590,8.5429,0.000171
0.2394,1.1634,8.5556,0.000171
0.2399,1.1679,8.5683,0.000170
0.2404,1.1723,8.5811,0.000170
0.2409,1.1768,8.5938,0.000169
0.2414,1.1813,8.6065,0.000169
0.2420,1.1858,8.6192,0.000168
0.2425,1.1903,8.6320,0.000168
0.2430,1.1948,8.6447,0.000167
0.2435,1.1993,8.6575,0.000167
0.2441,1.2039,8.6702,0.000166
0.2446,1.2084,8.6829,0.000166
0.2451,1.2130,8.6957,0.000165
0.2456,1.2176,8.7084,0.000165
0.2462,1.2222,8.7212,0.000164
0.2467,1.2268,8.7340,0.000164
0.2472,1.2314,8.7467,0.000163
0.2478,1.2360,8.7595,0.000163
0.2483,1.2407,8.7722,0.000162
0.2488,1.2454,8.7850,0.000162
0.2493,1.2500,8.7978,0.000161
0.2499,1.2547,8.8105,0.000161
0.2504,1.2594,8.8233,0.000160
0.2509,1.2641,8.8361,0.000160
0.2515,1.2689,8.8489,0.000159
0.2520,1.2736,8.8617,0.000159
0.2526,1.2784,8.8744,0.000158
0.2531,1.2831,8.8872,0.000158
0.2536,1.2879,8.9000,0.000157
0.2542,1.2927,8.9128,0.000157
0.2547,1.2975,8.9256,0.000156
0.2552,1.3024,8.9384,0.000156
0.2558,1.3072,8.9512,0.000155
0.2563,1.3120,8.9640,0.000155
0.2569,1.3169,8.9768,0.000154
0.2574,1.3218,8.9896,0.000154
0.2580,1.3267,9.0025,0.000153
0.2585,1.3316,9.0153,0.000153
0.2590,1.3365,9.0281,0.000152
0.2596,1.3414,9.0409,0.000152
0.2601,1.3464,9.0537,0.000151
0.2607,1.3513,9.0666,0.000151
0.2612,1.3563,9.0794,0.000150
0.2618,1.3613,9.0922,0.000150
0.2623,1.3663,9.1051,0.000149
0.2629,1.3713,9.1179,0.000149
0.2634,1.3764,9.1308,0.000148
0.2640,1.3814,9.1436,0.000148
0.2645,1.3865,9.1565,0.000147
0.2651,1.3915,9.1693,0.000147
0.2657,1.3966,9.1822,0.000146
0.2662,1.4017,9.1950,0.000146
0.2668,1.4069,9.2079,0.000145
0.2673,1.4120,9.2208,0.000145
0.2679,1.4171,9.2337,0.000144
0.2684,1.4223,9.2465,0.000144
0.2690,1.4275,9.2594,0.000143
0.2696,1.4327,9.2723,0.000143
0.2701,1.4379,9.2852,0.000142
0.2707,1.4431,9.2981,0.000142
0.2712,1.4483,9.3110,0.000141
0.2718,1.4536,9.3239,0.000141
0.2724,1.4589,9.3368,0.000140
0.2729,1.4641,9.3497,0.000140
0.2735,1.4694,9.3626,0.000139
0.2741,1.4747,9.3755,0.000139
0.2746,1.4801,9.3884,0.000138
0.2752,1.4854,9.4013,0.000138
0.2758,1.4908,9.4143,0.000137
0.2763,1.4961,9.4272,0.000137
0.2769,1.5015,9.4401,0.000136
0.2775,1.5069,9.4530,0.000136
0.2781,1.5123,9.4660,0.000135
0.2786,1.5178,9.4789,0.000135
0.2792,1.5232,9.4919,0.000134
0.2798,1.5287,9.5048,0.000134
0.2804,1.5342,9.5178,0.000133
0.2809,1.5397,9.5307,0.000133
0.2815,1.5452,9.5437,0.000132
0.2821,1.5507,9.5567,0.000132
0.2827,1.5562,9.5696,0.000131
0.2833,1.5618,9.5826,0.000131
0.2838,1.5674,9.5956,0.000130
0.2844,1.5730,9.6086,0.000130
0.2850,1.5786,9.6216,0.000129
0.2856,1.5842,9.6345,0.000129
0.2862,1.5898,9.6475,0.000128
0.2868,1.5955,9.6605,0.000128
0.2873,1.6012,9.6735,0.000127
0.2879,1.6069,9.6866,0.000127
0.2885,1.6126,9.6996,0.000126
0.2891,1.6183,9.7126,0.000126
0.2897,1.6240,9.7256,0.000125
0.2903,1.6298,9.7386,0.000125
0.2909,1.6355,9.7517,0.000124
0.2915,1.6413,9.7647,0.000124
0.2921,1.6471,9.7777,0.000123
0.2927,1.6529,9.7908,0.000123
0.2933,1.6588,9.8038,0.000122
0.2939,1.6646,9.8169,0.000122
0.2945,1.6705,9.8299,0.000121
0.2951,1.6764,9.8430,0.000121
0.2957,1.6823,9.8561,0.000120
0.2963,1.6882,9.8691,0.000120
0.2969,1.6942,9.8822,0.000119
0.2975,1.7001,9.8953,0.000119
0.2981,1.7061,9.9084,0.000118
0.2987,1.7121,9.9215,0.000118
0.2993,1.7181,9.9346,0.000117
0.2999,1.7241,9.9477,0.000117
0.3005,1.7302,9.9608,0.000116
0.3011,1.7362,9.9739,0.000116
0.3017,1.7423,9.9870,0.000115
0.3023,1.7484,10.0001,0.000115
0.3029,1.7545,10.0132,0.000114
0.3035,1.7606,10.0264,0.000114
0.3041,1.7668,10.0395,0.000113
0.3048,1.7729,10.0526,0.000113
0.3054,1.7791,10.0658,0.000112
0.3060,1.7853,10.0789,0.000112
0.3066,1.7915,10.0921,0.000111
0.3072,1.7978,10.1053,0.000111
0.3078,1.8040,10.1184,0.000110
0.3085,1.8103,10.1316,0.000110
0.3091,1.8166,10.1448,0.000109
0.3097,1.8229,10.1579,0.000109
0.3103,1.8293,10.1711,0.000108
0.3109,1.8356,10.1843,0.000108
0.3116,1.8420,10.1975,0.000107
0.3122,1.8484,10.2107,0.000107
0.3128,1.8548,10.2239,0.000106
0.3135,1.8612,10.2371,0.000106
0.3141,1.8676,10.2504,0.000105
0.3147,1.8741,10.2636,0.000105
0.3153,1.8806,10.2768,0.000104
0.3160,1.8871,10.2901,0.000104
0.3166,1.8936,10.3033,0.000103
0.3172,1.9001,10.3165,0.000103
0.3179,1.9067,10.3298,0.000102
0.3185,1.9133,10.3431,0.000102
0.3192,1.9198,10.3563,0.000101
0.3198,1.9265,10.3696,0.000101
0.3204,1.9331,10.3829,0.000100
0.3211,1.9398,10.3962,0.000100
0.3217,1.9464,10.4094,0.000099
0.3224,1.9531,10.4227,0.000099
0.3230,1.9598,10.4360,0.000098
0.3236,1.9666,10.4493,0.000098
0.3243,1.9733,10.4627,0.000097
0.3249,1.9801,10.4760,0.000097
0.3256,1.9869,10.4893,0.000096
0.3262,1.9937,10.5026,0.000096
0.3269,2.0005,10.5160,0.000095
0.3275,2.0074,10.5293,0.000095
0.3282,2.0143,10.5427,0.000094
0.3288,2.0212,10.5560,0.000094
0.3295,2.0281,10.5694,0.000093
0.3302,2.0350,10.5828,0.000093
0.3308,2.0420,10.5961,0.000092
0.3315,2.0490,10.6095,0.000092
0.3321,2.0560,10.6229,0.000091
0.3328,2.0630,10.6363,0.000091
0.3334,2.0700,10.6497,0.000090
0.3341,2.0771,10.6631,0.000090
0.3348,2.0842,10.6765,0.000089
0.3354,2.0913,10.6899,0.000089
0.3361,2.0984,10.7034,0.000088
0.3368,2.1056,10.7168,0.000088
0.3374,2.1127,10.7302,0.000087
0.3381,2.1199,10.7437,0.000087
0.3388,2.1271,10.7571,0.000086
0.3395,2.1344,10.7706,0.000086
0.3401,2.1416,10.7841,0.000085
0.3408,2.1489,10.7976,0.000085
0.3415,2.1562,10.8110,0.000084
0.3422,2.1635,10.8245,0.000084
0.3428,2.1709,10.8380,0.000083
0.3435,2.1783,10.8515,0.000083
0.3442,2.1857,10.8650,0.000082
0.3449,2.1931,10.8786,0.000082
0.3456,2.2005,10.8921,0.000081
0.3462,2.2080,10.9056,0.000081
0.3469,2.2155,10.9192,0.000080
0.3476,2.2230,10.9327,0.000080
0.3483,2.2305,10.9463,0.000079
0.3490,2.2380,10.9598,0.000079
0.3497,2.2456,10.9734,0.000078
0.3504,2.2532,10.9870,0.000078
0.3511,2.2608,11.0006,0.000077
0.3518,2.2685,11.0142,0.000077
0.3525,2.2762,11.0278,0.000076
0.3532,2.2839,11.0414,0.000076
0.3539,2.2916,11.0550,0.000075
0.3546,2.2993,11.0686,0.000075
0.3553,2.3071,11.0822,0.000074
0.3560,2.3149,11.0959,0.000074
0.3567,2.3227,11.1095,0.000073
0.3574,2.3305,11.1232,0.000073
0.3581,2.3384,11.1368,0.000072
0.3588,2.3463,11.1505,0.000072
0.3595,2.3542,11.1642,0.000071
0.3602,2.3621,11.1779,0.000071
0.3609,2.3701,11.1916,0.000070
0.3616,2.3781,11.2053,0.000070
0.3623,2.3861,11.2190,0.000069
0.3631,2.3941,11.2327,0.000069
0.3638,2.4022,11.2465,0.000068
0.3645,2.4103,11.2602,0.000068
0.3652,2.4184,11.2739,0.000067
0.3659,2.4266,11.2877,0.000067
0.3667,2.4347,11.3015,0.000066
0.3674,2.4429,11.3152,0.000066
0.3681,2.4511,11.3290,0.000065
0.3688,2.4594,11.3428,0.000065
0.3696,2.4677,11.3566,0.000064
0.3703,2.4760,11.3704,0.000064
0.3710,2.4843,11.3842,0.000063
0.3718,2.4926,11.3980,0.000063
0.3725,2.5010,11.4119,0.000062
0.3732,2.5094,11.4257,0.000062
0.3740,2.5179,11.4396,0.000061
0.3747,2.5263,11.4534,0.000061
0.3755,2.5348,11.4673,0.000060
0.3762,2.5433,11.4812,0.000060
0.3769,2.5519,11.4951,0.000059
0.3777,2.5604,11.5090,0.000059
0.3784,2.5690,11.5229,0.000058
0.3792,2.5777,11.5368,0.000058
0.3799,2.5863,11.5507,0.000057
0.3807,2.5950,11.5646,0.000057
0.3814,2.6037,11.5786,0.000056
0.3822,2.6125,11.5925,0.000056
0.3830,2.6212,11.6065,0.000055
0.3837,2.6300,11.6205,0.000055
0.3845,2.6389,11.6345,0.000054
0.3852,2.6477,11.6485,0.000054
0.3860,2.6566,11.6625,0.000053
0.3868,2.6655,11.6765,0.000053
0.3875,2.6745,11.6905,0.000052
0.3883,2.6835,11.7045,0.000052
0.3891,2.6925,11.7186,0.000051
0.3898,2.7015,11.7326,0.000051
0.3906,2.7106,11.7467,0.000050
0.3914,2.7197,11.7608,0.000050
0.3921,2.7288,11.7748,0.000049
0.3929,2.7379,11.7889,0.000049
0.3937,2.7471,11.8030,0.000048
0.3945,2.7564,11.8172,0.000048
0.3953,2.7656,11.8313,0.000047
0.3961,2.7749,11.8454,0.000047
0.3968,2.7842,11.8596,0.000046
0.3976,2.7935,11.8737,0.000046
0.3984,2.8029,11.8879,0.000045
0.3992,2.8123,11.9021,0.000045
0.4000,2.8218,11.9163,0.000044
0.4008,2.8313,11.9305,0.000044
0.4016,2.8408,11.9447,0.000043
0.4024,2.8503,11.9589,0.000043
0.4032,2.8599,11.9731,0.000042
0.4040,2.8695,11.9874,0.000042
0.4048,2.8791,12.0016,0.000041
0.4056,2.8888,12.0159,0.000041
0.4064,2.8985,12.0302,0.000040
0.4072,2.9082,12.0445,0.000040
0.4080,2.9180,12.0588,0.000039
0.4088,2.9278,12.0731,0.000039
0.4097,2.9377,12.0874,0.000038
0.4105,2.9475,12.1017,0.000038
0.4113,2.9575,12.1161,0.000037
0.4121,2.9674,12.1304,0.000037
0.4129,2.9774,12.1448,0.000036
0.4138,2.9874,12.1592,0.000036
0.4146,2.9975,12.1736,0.000035
0.4154,3.0075,12.1880,0.000035
0.4162,3.0177,12.2024,0.000034
0.4171,3.0278,12.2169,0.000034
0.4179,3.0380,12.2313,0.000033
0.4187,3.0483,12.2458,0.000033
0.4196,3.0585,12.2602,0.000032
0.4204,3.0688,12.2747,0.000032
0.4213,3.0792,12.2892,0.000031
0.4221,3.0896,12.3037,0.000031
0.4230,3.1000,12.3182,0.000030
0.4238,3.1105,12.3327,0.000030
0.4247,3.1209,12.3473,0.000029
0.4255,3.1315,12.3619,0.000029
0.4264,3.1421,12.3764,0.000028
0.4272,3.1527,12.3910,0.000028
0.4281,3.1633,12.4056,0.000027
0.4289,3.1740,12.4202,0.000027
0.4298,3.1848,12.4348,0.000026
0.4307,3.1955,12.4495,0.000026
0.4315,3.2063,12.4641,0.000025
0.4324,3.2172,12.4788,0.000025
0.4333,3.2281,12.4935,0.000024
0.4342,3.2390,12.5081,0.000024
0.4350,3.2500,12.5228,0.000023
0.4359,3.2610,12.5376,0.000023
0.4368,3.2721,12.5523,0.000022
0.4377,3.2832,12.5670,0.000022
0.4386,3.2943,12.5818,0.000021
0.4395,3.3055,12.5966,0.000021
0.4403,3.3167,12.6114,0.000020
0.4412,3.3280,12.6262,0.000020
0.4421,3.3393,12.6410,0.000019
0.4430,3.3507,12.6558,0.000019
0.4439,3.3621,12.6706,0.000018
0.4448,3.3735,12.6855,0.000018
0.4457,3.3850,12.7004,0.000017
0.4466,3.3965,12.7153,0.000017
0.4476,3.4081,12.7302,0.000016
0.4485,3.4197,12.7451,0.000016
0.4494,3.4314,12.7600,0.000015
0.4503,3.4431,12.7750,0.000015
0.4512,3.4549,12.7899,0.000014
0.4521,3.4667,12.8049,0.000014
0.4531,3.4786,12.8199,0.000013
0.4540,3.4905,12.8349,0.000013
0.4549,3.5024,12.8499,0.000012
0.4559,3.5144,12.8650,0.000012
0.4568,3.5265,12.8800,0.000011
0.4577,3.5386,12.8951,0.000011
0.4587,3.5507,12.9102,0.000010
0.4596,3.5629,12.9253,0.000010
0.4606,3.5752,12.9404,0.000009
0.4615,3.5875,12.9555,0.000009
0.4625,3.5998,12.9707,0.000008
0.4634,3.6122,12.9858,0.000008
0.4644,3.6247,13.0010,0.000007
0.4653,3.6372,13.0162,0.000007
0.4663,3.6497,13.0314,0.000006
0.4673,3.6623,13.0466,0.000006
0.4682,3.6750,13.0619,0.000005
0.4692,3.6877,13.0771,0.000005
0.4702,3.7005,13.0924,0.000004
0.4712,3.7133,13.1077,0.000004
0.4722,3.7262,13.1230,0.000003
0.4731,3.7391,13.1384,0.000003
0.4741,3.7521,13.1537,0.000002
0.4751,3.7651,13.1691,0.000002
0.4761,3.7782,13.1845,0.000001
0.4771,3.7914,13.1999,0.000001
0.4781,3.8046,13.2153,0.000000
0.4791,3.8179,13.2266,0.000000
0.4891,3.9497,13.1338,0.000000
0.4991,4.0806,13.0410,0.000000
0.5091,4.2105,12.9480,0.000000
0.5191,4.3395,12.8550,0.000000
0.5291,4.4676,12.7619,0.000000
0.5391,4.5948,12.6688,0.000000
0.5491,4.7210,12.5756,0.000000
0.5591,4.8463,12.4823,0.000000
0.5691,4.9706,12.3889,0.000000
0.5791,5.0941,12.2955,0.000000
0.5891,5.2165,12.2020,0.000000
0.5991,5.3381,12.1084,0.000000
0.6091,5.4587,12.0148,0.000000
0.6191,5.5784,11.9210,0.000000
0.6291,5.6971,11.8273,0.000000
0.6391,5.8149,11.7334,0.000000
0.6491,5.9318,11.6395,0.000000
0.6591,6.0477,11.5455,0.000000
0.6691,6.1627,11.4515,0.000000
0.6791,6.2768,11.3573,0.000000
0.6891,6.3899,11.2632,0.000000
0.6991,6.5020,11.1689,0.000000
0.7091,6.6132,11.0746,0.000000
0.7191,6.7235,10.9802,0.000000
0.7291,6.8328,10.8858,0.000000
0.7391,6.9412,10.7913,0.000000
0.7491,7.0487,10.6967,0.000000
0.7591,7.1552,10.6021,0.000000
0.7691,7.2607,10.5074,0.000000
0.7791,7.3653,10.4127,0.000000
0.7891,7.4690,10.3179,0.000000
0.7991,7.5717,10.2230,0.000000
0.8091,7.6734,10.1281,0.000000
0.8191,7.7742,10.0331,0.000000
0.8291,7.8741,9.9380,0.000000
0.8391,7.9730,9.8429,0.000000
0.8491,8.0709,9.7478,0.000000
0.8591,8.1679,9.6525,0.000000
0.8691,8.2640,9.5573,0.000000
0.8791,8.3591,9.4619,0.000000
0.8891,8.4532,9.3665,0.000000
0.8991,8.5464,9.2711,0.000000
0.9091,8.6386,9.1756,0.000000
0.9191,8.7299,9.0801,0.000000
0.9291,8.8202,8.9845,0.000000
0.9391,8.9096,8.8888,0.000000
0.9491,8.9980,8.7931,0.000000
0.9591,9.0855,8.6973,0.000000
0.9691,9.1720,8.6015,0.000000
0.9791,9.2575,8.5057,0.000000
0.9891,9.3421,8.4098,0.000000
0.9991,9.4257,8.3138,0.000000
1.0091,9.5084,8.2178,0.000000
1.0191,9.5901,8.1217,0.000000
1.0291,9.6708,8.0256,0.000000
1.0391,9.7506,7.9295,0.000000
1.0491,9.8294,7.8333,0.000000
1.0591,9.9072,7.7370,0.000000
1.0691,9.9841,7.6408,0.000000
1.0791,10.0600,7.5444,0.000000
1.0891,10.1350,7.4480,0.000000
1.0991,10.2090,7.3516,0.000000
1.1091,10.2820,7.2552,0.000000
1.1191,10.3541,7.1586,0.000000
1.1291,10.4252,7.0621,0.000000
1.1391,10.4954,6.9655,0.000000
1.1491,10.5645,6.8689,0.000000
1.1591,10.6327,6.7722,0.000000
1.1691,10.7000,6.6755,0.000000
1.1791,10.7662,6.5787,0.000000
1.1891,10.8315,6.4819,0.000000
1.1991,10.8959,6.3851,0.000000
1.2091,10.9592,6.2882,0.000000
1.2191,11.0216,6.1913,0.000000
1.2291,11.0831,6.0944,0.000000
1.2391,11.1435,5.9974,0.000000
1.2491,11.2030,5.9004,0.000000
1.2591,11.2615,5.8033,0.000000
1.2691,11.3191,5.7062,0.000000
1.2791,11.3757,5.6091,0.000000
1.2891,11.4313,5.5120,0.000000
1.2991,11.4859,5.4148,0.000000
1.3091,11.5396,5.3176,0.000000
1.3191,11.5923,5.2203,0.000000
1.3291,11.6440,5.1230,0.000000
1.3391,11.6947,5.0257,0.000000
1.3491,11.7445,4.9284,0.000000
1.3591,11.7933,4.8310,0.000000
1.3691,11.8411,4.7336,0.000000
1.3791,11.8880,4.6362,0.000000
1.3891,11.9338,4.5387,0.000000
1.3991,11.9787,4.4412,0.000000
1.4091,12.0227,4.3437,0.000000
1.4191,12.0656,4.2462,0.000000
1.4291,12.1076,4.1486,0.000000
1.4391,12.1486,4.0510,0.000000
1.4491,12.1886,3.9534,0.000000
1.4591,12.2276,3.8558,0.000000
1.4691,12.2657,3.7581,0.000000
1.4791,12.3028,3.6605,0.000000
1.4891,12.3389,3.5628,0.000000
1.4991,12.3741,3.4650,0.000000
1.5091,12.4082,3.3673,0.000000
1.5191,12.4414,3.2695,0.000000
1.5291,12.4736,3.1718,0.000000
1.5391,12.5048,3.0740,0.000000
1.5491,12.5351,2.9761,0.000000
1.5591,12.5644,2.8783,0.000000
1.5691,12.5927,2.7804,0.000000
1.5791,12.6200,2.6826,0.000000
1.5891,12.6463,2.5847,0.000000
1.5991,12.6717,2.4868,0.000000
1.6091,12.6960,2.3889,0.000000
1.6191,12.7194,2.2909,0.000000
1.6291,12.7419,2.1930,0.000000
1.6391,12.7633,2.0950,0.000000
1.6491,12.7838,1.9971,0.000000
1.6591,12.8032,1.8991,0.000000
1.6691,12.8217,1.8011,0.000000
1.6791,12.8393,1.7031,0.000000
1.6891,12.8558,1.6051,0.000000
1.6991,12.8714,1.5070,0.000000
1.7091,12.8859,1.4090,0.000000
1.7191,12.8995,1.3110,0.000000
1.7291,12.9122,1.2129,0.000000
1.7391,12.9238,1.1148,0.000000
1.7491,12.9345,1.0168,0.000000
1.7591,12.9441,0.9187,0.000000
1.7691,12.9528,0.8206,0.000000
1.7791,12.9606,0.7225,0.000000
1.7891,12.9673,0.6245,0.000000
1.7991,12.9730,0.5264,0.000000
1.8091,12.9778,0.4283,0.000000
1.8191,12.9816,0.3302,0.000000
1.8291,12.9844,0.2321,0.000000
1.8391,12.9862,0.1340,0.000000
1.8491,12.9871,0.0359,0.000000
1.8591,12.9870,-0.0622,0.000000
1.8691,12.9859,-0.1603,0.000000
1.8791,12.9838,-0.2584,0.000000
1.8891,12.9807,-0.3565,0.000000
1.8991,12.9766,-0.4546,0.000000
1.9091,12.9716,-0.5527,0.000000
1.9191,12.9656,-0.6508,0.000000
1.9291,12.9586,-0.7490,0.000000
1.9391,12.9506,-0.8471,0.000000
1.9491,12.9416,-0.9452,0.000000
1.9591,12.9317,-1.0433,0.000000
1.9691,12.9208,-1.1415,0.000000
1.9791,12.9089,-1.2396,0.000000
1.9891,12.8960,-1.3378,0.000000
1.9991,12.8821,-1.4359,0.000000
2.0091,12.8673,-1.5341,0.000000
2.0191,12.8514,-1.6323,0.000000
2.0291,12.8346,-1.7305,0.000000
2.0391,12.8168,-1.8286,0.000000
2.0491,12.7980,-1.9269,0.000000
2.0591,12.7783,-2.0251,0.000000
2.0691,12.7575,-2.1233,0.000000
2.0791,12.7358,-2.2216,0.000000
2.0891,12.7131,-2.3198,0.000000
2.0991,12.6894,-2.4181,0.000000
2.1091,12.6647,-2.5164,0.000000
2.1191,12.6391,-2.6147,0.000000
2.1291,12.6125,-2.7130,0.000000
2.1391,12.5848,-2.8113,0.000000
2.1491,12.5562,-2.9097,0.000000
2.1591,12.5266,-3.0080,0.000000
2.1691,12.4961,-3.1064,0.000000
2.1791,12.4645,-3.2048,0.000000
2.1891,12.4320,-3.3033,0.000000
2.1991,12.3984,-3.4017,0.000000
2.2091,12.3639,-3.5002,0.000000
2.2191,12.3284,-3.5987,0.000000
2.2291,12.2920,-3.6972,0.000000
2.2391,12.2545,-3.7957,0.000000
2.2491,12.2160,-3.8942,0.000000
2.2591,12.1766,-3.9928,0.000000
2.2691,12.1362,-4.0914,0.000000
2.2791,12.0948,-4.1900,0.000000
2.2891,12.0524,-4.2887,0.000000
2.2991,12.0090,-4.3874,0.000000
2.3091,11.9646,-4.4861,0.000000
2.3191,11.9193,-4.5848,0.000000
2.3291,11.8729,-4.6836,0.000000
2.3391,11.8256,-4.7823,0.000000
2.3491,11.7773,-4.8812,0.000000
2.3591,11.7280,-4.9800,0.000000
2.3691,11.6777,-5.0789,0.000000
2.3791,11.6264,-5.1778,0.000000
2.3891,11.5741,-5.2767,0.000000
2.3991,11.5209,-5.3757,0.000000
2.4091,11.4666,-5.4747,0.000000
2.4191,11.4114,-5.5737,0.000000
2.4291,11.3552,-5.6728,0.000000
2.4391,11.2979,-5.7719,0.000000
2.4491,11.2397,-5.8710,0.000000
2.4591,11.1805,-5.9702,0.000000
2.4691,11.1203,-6.0694,0.000000
2.4791,11.0591,-6.1687,0.000000
2.4891,10.9969,-6.2680,0.000000
2.4991,10.9338,-6.3673,0.000000
2.5091,10.8696,-6.4666,0.000000
2.5191,10.8044,-6.5660,0.000000
2.5291,10.7383,-6.6655,0.000000
2.5391,10.6711,-6.7650,0.000000
2.5491,10.6030,-6.8645,0.000000
2.5591,10.5338,-6.9640,0.000000
2.5691,10.4637,-7.0636,0.000000
2.5791,10.3926,-7.1633,0.000000
2.5891,10.3204,-7.2630,0.000000
2.5991,10.2473,-7.3627,0.000000
2.6091,10.1732,-7.4625,0.000000
2.6191,10.0980,-7.5623,0.000000
2.6291,10.0219,-7.6622,0.000000
2.6391,9.9448,-7.7621,0.000000
2.6491,9.8667,-7.8621,0.000000
2.6591,9.7876,-7.9621,0.000000
2.6691,9.7074,-8.0622,0.000000
2.6791,9.6263,-8.1623,0.000000
2.6891,9.5442,-8.2625,0.000000
2.6991,9.4611,-8.3627,0.000000
2.7091,9.3769,-8.4630,0.000000
2.7191,9.2918,-8.5633,0.000000
2.7291,9.2057,-8.6636,0.000000
2.7391,9.1185,-8.7641,0.000000
2.7491,9.0304,-8.8646,0.000000
2.7591,8.9412,-8.9651,0.000000
2.7691,8.8511,-9.0657,0.000000
2.7791,8.7599,-9.1663,0.000000
2.7891,8.6678,-9.2670,0.000000
2.7991,8.5746,-9.3678,0.000000
2.8091,8.4804,-9.4686,0.000000
2.8191,8.3852,-9.5695,0.000000
2.8291,8.2890,-9.6704,0.000000
2.8391,8.1918,-9.7714,0.000000
2.8491,8.0936,-9.8725,0.000000
2.8591,7.9944,-9.9736,0.000000
2.8691,7.8941,-10.0747,0.000000
2.8791,7.7929,-10.1760,0.000000
2.8891,7.6906,-10.2773,0.000000
2.8991,7.5873,-10.3787,0.000000
2.9091,7.4830,-10.4801,0.000000
2.9191,7.3777,-10.5816,0.000000
2.9291,7.2714,-10.6831,0.000000
2.9391,7.1641,-10.7848,0.000000
2.9491,7.0557,-10.8865,0.000000
2.9591,6.9463,-10.9882,0.000000
2.9691,6.8359,-11.0901,0.000000
2.9791,6.7245,-11.1920,0.000000
2.9891,6.6121,-11.2939,0.000000
2.9991,6.4986,-11.3960,0.000000
3.0091,6.3842,-11.4981,0.000000
3.0191,6.2687,-11.6003,0.000000
3.0291,6.1522,-11.7025,0.000000
3.0391,6.0346,-11.8049,0.000000
3.0491,5.9161,-11.9073,0.000000
3.0591,5.7965,-12.0097,0.000000
3.0691,5.6759,-12.1123,0.000000
3.0791,5.5542,-12.2149,0.000000
3.0891,5.4316,-12.3176,0.000000
3.0991,5.3079,-12.4204,0.000000
3.1091,5.1832,-12.5233,0.000000
3.1191,5.0574,-12.6262,0.000000
3.1291,4.9306,-12.7293,0.000000
3.1391,4.8028,-12.8324,0.000000
3.1491,4.6740,-12.9355,0.000000
3.1591,4.5441,-13.0388,0.000000
3.1691,4.4132,-13.1422,0.000000
3.1791,4.2813,-13.2456,0.000000
3.1891,4.1483,-13.3491,0.000000
3.1991,4.0143,-13.4527,0.000000
3.2091,3.8793,-13.5564,0.000000
3.2191,3.7432,-13.6602,0.000000
3.2291,3.6060,-13.7640,0.000000
3.2391,3.4679,-13.8680,0.000000
3.2491,3.3287,-13.9720,0.000000
3.2591,3.1884,-14.0761,0.000000
3.2691,3.0472,-14.1803,0.000000
3.2791,2.9048,-14.2846,0.000000
3.2891,2.7615,-14.3890,0.000000
3.2991,2.6171,-14.4935,0.000000
3.3091,2.4716,-14.5981,0.000000
3.3191,2.3251,-14.7028,0.000000
3.3291,2.1775,-14.8075,0.000000
3.3391,2.0289,-14.9124,0.000000
3.3491,1.8793,-15.0174,0.000000
3.3591,1.7286,-15.1224,0.000000
3.3691,1.5768,-15.2276,0.000000
3.3791,1.4240,-15.3328,0.000000
3.3891,1.2702,-15.4382,0.000000
3.3991,1.1153,-15.5436,0.000000
3.4091,0.9593,-15.6492,0.000000
3.4191,0.8023,-15.7548,0.000000
3.4291,0.6442,-15.8606,0.000000
3.4391,0.4851,-15.9664,0.000000
3.4491,0.3249,-16.0724,0.000000
3.4591,0.1636,-16.1784,0.000000
3.4691,0.0013,-16.2846,0.000000
3.4791,0.0000,-16.3909,0.000000
